Nome;Cognome;Data
Nome29;Cognome29;29/11/2001 06:13:14
Nome28;Cognome28;18/06/2001 04:13:14
Nome27;Cognome27;05/01/2001 02:13:14
Nome26;Cognome26;25/07/2001 00:13:14
Nome25;Cognome25;10/02/2001 22:13:14
Nome24;Cognome24;29/08/2001 20:13:14
Nome23;Cognome23;18/03/2005 18:13:14
Nome22;Cognome22;05/10/2005 16:13:14
Nome21;Cognome21;24/04/2002 14:13:14
Nome20;Cognome20;11/11/2006 12:13:14
Nome19;Cognome19;31/05/2002 10:13:14
Nome18;Cognome18;18/12/2005 08:13:14
Nome17;Cognome17;06/07/2005 06:13:14
Nome16;Cognome16;23/01/2009 04:13:14
Nome15;Cognome15;12/08/2009 02:13:14
Nome14;Cognome14;01/03/2010 00:13:14
Nome13;Cognome13;17/09/2010 22:13:14
Nome12;Cognome12;06/04/2011 20:13:14
Nome11;Cognome11;24/10/2011 18:13:14
Nome10;Cognome10;12/05/2012 16:13:14
Nome9;Cognome9;29/11/2002 14:13:14
Nome8;Cognome8;18/06/2013 12:13:14
Nome7;Cognome7;05/01/2002 10:13:14
Nome6;Cognome6;25/07/2014 08:13:14
Nome5;Cognome5;11/02/2015 06:13:14
Nome4;Cognome4;31/08/2015 04:13:14
Nome3;Cognome3;19/03/2016 02:13:14
Nome2;Cognome2;06/10/2016 00:13:14
Nome1;Cognome1;24/04/2017 22:13:14
Nome0;Cognome0;11/11/2017 20:13:14
